2022-01-01,/Users/matt/gharchive-small/2022-01-01-23.json.gz,38140090,/Users/matt/gharchive-cncf/2022/01/01/2022-01-01-23.IssueCommentEvent.feather,138290
2022-01-01,/Users/matt/gharchive-small/2022-01-01-23.json.gz,38140090,/Users/matt/gharchive-cncf/2022/01/01/2022-01-01-1.IssueCommentEvent.feather,118202
2022-01-01,/Users/matt/gharchive-small/2022-01-01-23.json.gz,38140090,/Users/matt/gharchive-cncf/2022/01/01/2022-01-01-1.IssuesEvent.feather,48746
2022-01-01,/Users/matt/gharchive-small/2022-01-01-23.json.gz,38140090,/Users/matt/gharchive-cncf/2022/01/01/2022-01-01-23.PushEvent.feather,17338
2022-01-01,/Users/matt/gharchive-small/2022-01-01-23.json.gz,38140090,/Users/matt/gharchive-cncf/2022/01/01/2022-01-01-1.ForkEvent.feather,75826
2022-01-01,/Users/matt/gharchive-small/2022-01-01-23.json.gz,38140090,/Users/matt/gharchive-cncf/2022/01/01/2022-01-01-23.IssuesEvent.feather,62266
2022-01-01,/Users/matt/gharchive-small/2022-01-01-23.json.gz,38140090,/Users/matt/gharchive-cncf/2022/01/01/2022-01-01-23.PullRequestEvent.feather,257890
2022-01-01,/Users/matt/gharchive-small/2022-01-01-23.json.gz,38140090,/Users/matt/gharchive-cncf/2022/01/01/2022-01-01-1.WatchEvent.feather,11434
2022-01-01,/Users/matt/gharchive-small/2022-01-01-23.json.gz,38140090,/Users/matt/gharchive-cncf/2022/01/01/2022-01-01-23.PullRequestReviewEvent.feather,232234
2022-01-01,/Users/matt/gharchive-small/2022-01-01-23.json.gz,38140090,/Users/matt/gharchive-cncf/2022/01/01/2022-01-01-23.ForkEvent.feather,67266
2022-01-01,/Users/matt/gharchive-small/2022-01-01-23.json.gz,38140090,/Users/matt/gharchive-cncf/2022/01/01/2022-01-01-1.PullRequestReviewEvent.feather,241466
2022-01-01,/Users/matt/gharchive-small/2022-01-01-23.json.gz,38140090,/Users/matt/gharchive-cncf/2022/01/01/2022-01-01-1.PushEvent.feather,15106
2022-01-01,/Users/matt/gharchive-small/2022-01-01-23.json.gz,38140090,/Users/matt/gharchive-cncf/2022/01/01/2022-01-01-23.PullRequestReviewCommentEvent.feather,247066
2022-01-01,/Users/matt/gharchive-small/2022-01-01-23.json.gz,38140090,/Users/matt/gharchive-cncf/2022/01/01/2022-01-01-1.PullRequestReviewCommentEvent.feather,257082
2022-01-01,/Users/matt/gharchive-small/2022-01-01-23.json.gz,38140090,/Users/matt/gharchive-cncf/2022/01/01/2022-01-01-1.PullRequestEvent.feather,236186
2022-01-01,/Users/matt/gharchive-small/2022-01-01-23.json.gz,38140090,/Users/matt/gharchive-cncf/2022/01/01/2022-01-01-23.WatchEvent.feather,11770
2022-01-01,/Users/matt/gharchive-small/2022-01-01-1.json.gz,39349075,/Users/matt/gharchive-cncf/2022/01/01/2022-01-01-23.IssueCommentEvent.feather,138290
2022-01-01,/Users/matt/gharchive-small/2022-01-01-1.json.gz,39349075,/Users/matt/gharchive-cncf/2022/01/01/2022-01-01-1.IssueCommentEvent.feather,118202
2022-01-01,/Users/matt/gharchive-small/2022-01-01-1.json.gz,39349075,/Users/matt/gharchive-cncf/2022/01/01/2022-01-01-1.IssuesEvent.feather,48746
2022-01-01,/Users/matt/gharchive-small/2022-01-01-1.json.gz,39349075,/Users/matt/gharchive-cncf/2022/01/01/2022-01-01-23.PushEvent.feather,17338
2022-01-01,/Users/matt/gharchive-small/2022-01-01-1.json.gz,39349075,/Users/matt/gharchive-cncf/2022/01/01/2022-01-01-1.ForkEvent.feather,75826
2022-01-01,/Users/matt/gharchive-small/2022-01-01-1.json.gz,39349075,/Users/matt/gharchive-cncf/2022/01/01/2022-01-01-23.IssuesEvent.feather,62266
2022-01-01,/Users/matt/gharchive-small/2022-01-01-1.json.gz,39349075,/Users/matt/gharchive-cncf/2022/01/01/2022-01-01-23.PullRequestEvent.feather,257890
2022-01-01,/Users/matt/gharchive-small/2022-01-01-1.json.gz,39349075,/Users/matt/gharchive-cncf/2022/01/01/2022-01-01-1.WatchEvent.feather,11434
2022-01-01,/Users/matt/gharchive-small/2022-01-01-1.json.gz,39349075,/Users/matt/gharchive-cncf/2022/01/01/2022-01-01-23.PullRequestReviewEvent.feather,232234
2022-01-01,/Users/matt/gharchive-small/2022-01-01-1.json.gz,39349075,/Users/matt/gharchive-cncf/2022/01/01/2022-01-01-23.ForkEvent.feather,67266
2022-01-01,/Users/matt/gharchive-small/2022-01-01-1.json.gz,39349075,/Users/matt/gharchive-cncf/2022/01/01/2022-01-01-1.PullRequestReviewEvent.feather,241466
2022-01-01,/Users/matt/gharchive-small/2022-01-01-1.json.gz,39349075,/Users/matt/gharchive-cncf/2022/01/01/2022-01-01-1.PushEvent.feather,15106
2022-01-01,/Users/matt/gharchive-small/2022-01-01-1.json.gz,39349075,/Users/matt/gharchive-cncf/2022/01/01/2022-01-01-23.PullRequestReviewCommentEvent.feather,247066
2022-01-01,/Users/matt/gharchive-small/2022-01-01-1.json.gz,39349075,/Users/matt/gharchive-cncf/2022/01/01/2022-01-01-1.PullRequestReviewCommentEvent.feather,257082
2022-01-01,/Users/matt/gharchive-small/2022-01-01-1.json.gz,39349075,/Users/matt/gharchive-cncf/2022/01/01/2022-01-01-1.PullRequestEvent.feather,236186
2022-01-01,/Users/matt/gharchive-small/2022-01-01-1.json.gz,39349075,/Users/matt/gharchive-cncf/2022/01/01/2022-01-01-23.WatchEvent.feather,11770
